{"Begin execute":"===== Begin execute =====","NumGhostParticles":16,"NumParticles":24801,"globalVariables":[0.27558834674070887,0.31352808222898654,0.9657498769845878,1.0,-0.3101702665412922,0.2974661861640234,0.4320257431270115,1.0,-0.2615188050504195,0.4438832952567719,0.5946449538068977,1.0,0.0455701629536762,0.2240405775406772,0.49081233941907215,1.0,0.09020044835771235,0.4416078381028501,0.13115915878490406,1.0,-0.3508188196003033,0.34078530946101554,1.15871612640022,1.0,-0.4506977908097528,0.2203812645737642,0.9665334139888156,1.0,0.4099140013972848,0.36651623978265846,0.10031772644950096,1.0,0.19004276508530973,0.20676540572742141,1.263293031473834,1.0,-0.1022560510411391,0.35116918030095196,0.09883219871480546,1.0,0.32803867847928114,0.45776969375807697,1.4014615560180503,1.0,0.2904977886568676,0.20027860407455503,1.3679195128256785,1.0,-0.03284906904765968,0.21394827438846362,0.9571713901477449,1.0,0.2532981838662268,0.3653258965715975,1.323771256574789,1.0,-0.4430223691311019,0.2162216259958063,0.13011042086672578,1.0,0.06818279568460121,0.2990351996752312,0.6970748284901491,1.0]}